qid,category,question,raw,comments,context,metrics
q01,単純集計,2019年の本塁打数トップ5の選手を、本塁打数の多い順に、選手IDと本塁打数で示してください。,○,○,○,○
q02,単純集計,2022年のア・リーグ（AL）で90勝以上したチームのチームIDと勝利数を示してください。,○,○,○,○
q03,単純集計,2023年に打撃成績の記録がある選手は何人ですか。,○,○,○,○
q04,単純集計,2010年から2019年までの各年のワールドシリーズ優勝チームを、年の順に年とチームIDで示してください。,○,○,○,○
q05,派生指標,2021年に規定打席に到達した打者のうち、打率トップ5を打率の高い順に、選手IDと打率で示してください。,○,○,○,○
q06,派生指標,2018年に規定投球回に到達した投手のうち、防御率が低い順にトップ5を、選手IDと防御率で示してください。,○,○,○,○
q07,派生指標,2015年のチーム打撃OPS（出塁率＋長打率）の上位3チームを、高い順にチームIDとOPSで示してください。,○,○,○,○
q08,派生指標,2023年に規定投球回に到達した投手のうち、WHIPが最も低い3人を低い順に、選手IDとWHIPで示してください。,○,○,○,○
q09,結合・粒度の罠,J.D.マルティネス（選手ID martijd02）の2017年シーズンの本塁打数と打点を示してください。,○,○,○,○
q10,結合・粒度の罠,エンゼルス球団（現ロサンゼルス・エンゼルス）の1990年から2020年までの通算勝利数はいくつですか。,○,○,○,○
q11,結合・粒度の罠,2019年のナショナル・リーグ（NL）全体の打率はいくつですか。,○,○,○,○
q12,結合・粒度の罠,2018年にシーズン途中で移籍して2球団以上でプレーした選手のうち、そのシーズンの合計本塁打が最も多い選手の選手IDと合計本塁打数を示してください。,○,○,○,○
q13,曖昧な表現,2019年の最強打者は誰ですか。選手IDで答えてください。,○,○,○,○
q14,曖昧な表現,2022年に最も安定していた投手を3人、安定している順に選手IDで挙げてください。,×結果不一致,×結果不一致,○,○
q15,曖昧な表現,1990年代に最も成功した球団はどこですか。フランチャイズIDで答えてください。,○,○,○,○
q16,曖昧な表現,2010年代（2010〜2019年）で最も長打力のある打者トップ5を、長打力の高い順に選手IDで示してください。,×結果不一致,×結果不一致,○,×回答不能
q17,時系列・比較,1970年代から2010年代まで、年代ごとのMLB全体の打率と本塁打総数を、年代の古い順に示してください（年代は1970のように開始年で表す）。,×結果不一致,×結果不一致,○,○
q18,時系列・比較,2000年から2019年までの各年について、MLB全投手の奪三振率（K/9）を年の順に示してください。,○,○,○,○
q19,時系列・比較,2015年から2024年までの各年について、MLB全体の本塁打総数と、その前年からの増減数を年の順に示してください。,○,×結果不一致,×結果不一致,×結果不一致
q20,時系列・比較,2010年から2019年までの各年について、ア・リーグとナ・リーグそれぞれの1試合あたり平均得点を、年・リーグの順に示してください。,○,×結果不一致,○,○
